Name,Number,Website,Address,Rating,Reviews,Google Map link
Toddler's Den,093270 35113,todden.com,"Toddler's Den Early Learning Centre Near Kotak House, behind Kensville Golf Academy, Bodakdev, Ahmedabad, Gujarat 380059",4.5,,https://www.google.com/maps/place/Toddler's+Den/data=!4m7!3m6!1s0x395e9b40652dd659:0x4a0fc8801b6a9a4d!8m2!3d23.0319553!4d72.499162!16s%2Fg%2F11fx8yklrn!19sChIJWdYtZUCbXjkRTZpqG4DID0o?authuser=0&hl=en&rclk=1
"EuroKids Satellite Preschool ,Ahmedabad",098255 23193,eurokidsindia.com,"SBC House, Lane, 100 Feet Anand Nagar Rd, opp. Shell Petrol Pump, next to Ishan III, Satellite, Ahmedabad, Gujarat 380015",4.8,,"https://www.google.com/maps/place/EuroKids+Satellite+Preschool+,Ahmedabad/data=!4m7!3m6!1s0x395e9b293af95125:0x917d20a03bb6125a!8m2!3d23.0158446!4d72.512048!16s%2Fg%2F1txfmk0h!19sChIJJVH5OimbXjkRWhK2O6AgfZE?authuser=0&hl=en&rclk=1"
"Kidzee - Bodakdev/vastrapur , India's favorite pre-school and Moon stars Daycare",089806 08877,kidzeebodakdev.kidkonnect.in,"Balaji Complex, 13/B, LAKE, near VASTRAPUR, Nehru Park, B/H, Vastrapur, Ahmedabad, Gujarat 380015",4.8,,"https://www.google.com/maps/place/Kidzee+-+Bodakdev%2Fvastrapur+,+India's+favorite+pre-school+and+Moon+stars+Daycare/data=!4m7!3m6!1s0x395e84b80d115abf:0xb4984911b9e9beff!8m2!3d23.0361976!4d72.5281032!16s%2Fg%2F11b6hvc9jr!19sChIJv1oRDbiEXjkR_77puRFJmLQ?authuser=0&hl=en&rclk=1"
Little Millennium Preschool & Daycare Navrangpura | Best Preschool In Navrangpura,097277 75772,littlemillennium.com,"Gurucharan Singh Apartment, Under bridge, opp. Das Khaman, Income Tax, Navrangpura, Ahmedabad, Gujarat 380014",4.9,,https://www.google.com/maps/place/Little+Millennium+Preschool+%26+Daycare+Navrangpura+%7C+Best+Preschool+In+Navrangpura/data=!4m7!3m6!1s0x395e85caf90590cd:0xab2fb31b388fd6d1!8m2!3d23.0400376!4d72.5651326!16s%2Fg%2F11h6yvv3r8!19sChIJzZAF-cqFXjkR0daPOBuzL6s?authuser=0&hl=en&rclk=1
"Kidzee Prahladnagar , India's Favorite Pre-school And Moon Stars Daycare",094088 61240,,"C-8,Ramjalaram Bunglow, Cross Road, opposite Heritage Skyz, behind Venus Atlanta, Prahlad Nagar, Ahmedabad, Gujarat 380015",4.9,,"https://www.google.com/maps/place/Kidzee+Prahladnagar+,+India's+Favorite+Pre-school+And+Moon+Stars+Daycare/data=!4m7!3m6!1s0x395e9b280f187849:0xf0fd3699374d175c!8m2!3d23.0101674!4d72.5091332!16s%2Fg%2F11g8v4yzld!19sChIJSXgYDyibXjkRXBdNN5k2_fA?authuser=0&hl=en&rclk=1"
JoyJumperz Preschool - Satellite,090999 29296,joyjumperz.in,"5, Roopsurya Bunglows, Opp. Sharanam 11, Nr. Ruddhika Row Houses, Jodhpur Gam Road, Ramdevnagar, Satellite, Ahmedabad, Gujarat 380015",4.9,,https://www.google.com/maps/place/JoyJumperz+Preschool+-+Satellite/data=!4m7!3m6!1s0x395e9b81a24f1e63:0xffcb513ff1a7b387!8m2!3d23.0174449!4d72.51131!16s%2Fg%2F11gvzmt2_w!19sChIJYx5PooGbXjkRh7On8T9Ry_8?authuser=0&hl=en&rclk=1
"EuroKids Preschool - IOC Road | Best Preschool, Kindergarten, Playgroup and Daycare in Chandkheda",075729 79707,eurokidsindia.com,"15, Narayan Residency-1, Nr Satyamev Hospital, New, opp. Shyam Saanvi Apartments, Chandkheda, Ahmedabad, Gujarat 382424",4.9,,"https://www.google.com/maps/place/EuroKids+Preschool+-+IOC+Road+%7C+Best+Preschool,+Kindergarten,+Playgroup+and+Daycare+in+Chandkheda/data=!4m7!3m6!1s0x395e824536a1f1d1:0x835796c2473e5543!8m2!3d23.1204791!4d72.5792794!16s%2Fg%2F11c5s8fqgn!19sChIJ0fGhNkWCXjkRQ1U-R8KWV4M?authuser=0&hl=en&rclk=1"
Lampros Kids Prahladnagar,090818 19400,lamproskids.com,"Lampros, 8, Krishna Bungalows, Corporate Rd, Prahladnagar, Ahmedabad, Gujarat 380015",4.8,,https://www.google.com/maps/place/Lampros+Kids+Prahladnagar/data=!4m7!3m6!1s0x395e9b2797c838b3:0x2aa80cba5dc807e8!8m2!3d23.0104338!4d72.5065465!16s%2Fg%2F11f3jvbd57!19sChIJszjIlyebXjkR6AfIXboMqCo?authuser=0&hl=en&rclk=1
"EuroKids Preschool in Naranpura, Ahmedabad",095101 64544,eurokidsindia.com,"A/19 Ramjyot Society, Mirambica School Road, opp. Akshar Party Plot, nr. Bhavin Girls Hostel, Naranpura, Ahmedabad, Gujarat 380013",5,,"https://www.google.com/maps/place/EuroKids+Preschool+in+Naranpura,+Ahmedabad/data=!4m7!3m6!1s0x395e848482b5f29d:0x261c5bc811aa40e2!8m2!3d23.0559642!4d72.5528302!16s%2Fg%2F11hcxcg8gd!19sChIJnfK1goSEXjkR4kCqEchbHCY?authuser=0&hl=en&rclk=1"
Bodakdev School For Children,079 7101 2434,bodakdevschool.com,"Bodakdev School for Children Opp. WIAA Motor Driving School, Satya Marg, Bodakdev, Ahmedabad, Gujarat 380054",4.7,,https://www.google.com/maps/place/Bodakdev+School+For+Children/data=!4m7!3m6!1s0x395e85f72ebf8167:0xaf49b4f0e95553ef!8m2!3d23.0429808!4d72.5198541!16s%2Fg%2F11f9w51dnz!19sChIJZ4G_LveFXjkR71NV6fC0Sa8?authuser=0&hl=en&rclk=1
"Podar Jumbo Kids, Pre-School Bodakdev",097276 56677,jumbokids.com,"52, Rajpath Bunglows Opp. AIS Lane, near Old Dev-Aashish School, Ahmedabad, Gujarat 380054",5,,"https://www.google.com/maps/place/Podar+Jumbo+Kids,+Pre-School+Bodakdev/data=!4m7!3m6!1s0x395e9b3056ddc551:0xa2966cdcbeab9aaf!8m2!3d23.0338792!4d72.5120328!16s%2Fg%2F11h7sj6ppw!19sChIJUcXdVjCbXjkRr5qrvtxslqI?authuser=0&hl=en&rclk=1"
Thumbelina Nursery & K.G. School,098240 32580,thumbelina.school,"opp. Sarvamangal Society, Naranpura, Ahmedabad, Gujarat 380013",4.8,,https://www.google.com/maps/place/Thumbelina+Nursery+%26+K.G.+School/data=!4m7!3m6!1s0x395e849a4108e693:0x12d5a27ca545d0d2!8m2!3d23.0506455!4d72.551588!16s%2Fg%2F1tdzjz2k!19sChIJk-YIQZqEXjkR0tBFpXyi1RI?authuser=0&hl=en&rclk=1
Khyati Ninos PreSchool - Vastrapur,,sites.google.com,"Bungalow 1, Avadh, Near, Sandesh Press Rd, opp. Milan Park Society, Vastrapur, Ahmedabad, Gujarat 380015",4.7,,https://www.google.com/maps/place/Khyati+Ninos+PreSchool+-+Vastrapur/data=!4m7!3m6!1s0x395e84b46fc1385f:0x57f1cbcfd3486320!8m2!3d23.0391037!4d72.5243418!16s%2Fg%2F12hngpv1y!19sChIJXzjBb7SEXjkRIGNI08_L8Vc?authuser=0&hl=en&rclk=1
EuroKids Pre-School,097252 83350,eurokidsindia.com,"Anjali Char Rasta, 14, Chandranagar Rd, Dungarshinagar, Pushkarna Nagar, Paldi, Ahmedabad, Gujarat 380007",4.7,,https://www.google.com/maps/place/EuroKids+Pre-School/data=!4m7!3m6!1s0x395e851b6aaaaaab:0xc16c0386b9c21737!8m2!3d23.0019131!4d72.555452!16s%2Fg%2F119wmzj64!19sChIJq6qqahuFXjkRNxfCuYYDbME?authuser=0&hl=en&rclk=1
"EuroKids Preschool in Gurukul Road, Ahmedabad",098989 66999,eurokidsindia.com,"16 Sonal Society Sonal cross roads, Gurukul Rd, opp. Hotel Gopi, Memnagar, Ahmedabad, Gujarat 380052",4.8,,"https://www.google.com/maps/place/EuroKids+Preschool+in+Gurukul+Road,+Ahmedabad/data=!4m7!3m6!1s0x395e85ac0fd018a1:0xdba6fb4611e169e6!8m2!3d23.0510874!4d72.5332931!16s%2Fg%2F11fl9gy4_3!19sChIJoRjQD6yFXjkR5mnhEUb7pts?authuser=0&hl=en&rclk=1"
"WonderWorld Pre-School, Day Care & Activity Center",090999 77203,wonderworld.co.in,"150 Chitvan, Garden Residency Road B/H Gala Aura & Aarohi Crest Nr, Safal Parisar Rd, South Bopal, Ahmedabad, Gujarat 380058",4.5,,"https://www.google.com/maps/place/WonderWorld+Pre-School,+Day+Care+%26+Activity+Center/data=!4m7!3m6!1s0x395e9b099f0e95dd:0x2eae6b7dc122513e!8m2!3d23.0215122!4d72.466763!16s%2Fg%2F11g6wc04qq!19sChIJ3ZUOnwmbXjkRPlEiwX1rri4?authuser=0&hl=en&rclk=1"
"EuroKids Preschool Tragad , Ahmedabad",,eurokidstragad.business.site,"Unit No. 103-108, 1st Floor, Basil Skyline, Opp. The CBD Mall, Vaishnodevi Underpass - Tragad Tunnel, S.P Ring Road ,Tragad - Zundal, Ahmedabad, Gujarat 382421",5,,"https://www.google.com/maps/place/EuroKids+Preschool+Tragad+,+Ahmedabad/data=!4m7!3m6!1s0x395e832bc6889ad1:0xe837a617a779be98!8m2!3d23.1345052!4d72.5599523!16s%2Fg%2F11n8_9w6rh!19sChIJ0ZqIxiuDXjkRmL55pxemN-g?authuser=0&hl=en&rclk=1"
"EuroKids Preschool at Vastrapur, Best Kindergarten in Ahmedabad",079 2687 3054,eurokidsindia.com,"6, Judges Bunglow Rd, near Jain Derasar, Premanjali Society, Vastrapur, Ahmedabad, Gujarat 380015",4.8,,"https://www.google.com/maps/place/EuroKids+Preschool+at+Vastrapur,+Best+Kindergarten+in+Ahmedabad/data=!4m7!3m6!1s0x395e9b4977df3643:0x68c37bb0c49fb19b!8m2!3d23.0358332!4d72.5137507!16s%2Fg%2F11c6zx9g33!19sChIJQzbfd0mbXjkRm7GfxLB7w2g?authuser=0&hl=en&rclk=1"
Little Millennium Preschool and Daycare Gota â€“ Ahmedabad,070434 02967,facebook.com,"Little millennium - Gota, First Floor, Vandematram Hills, Near Vishvas city 6 Satyamev vista, to, 100 Feet Rd, Gota, Ahmedabad, Gujarat 382481",5,,https://www.google.com/maps/place/Little+Millennium+Preschool+and+Daycare+Gota+%E2%80%93+Ahmedabad/data=!4m7!3m6!1s0x395e838045c42415:0x9178bd4dfa63375a!8m2!3d23.0984587!4d72.5414458!16s%2Fg%2F11gtz69x6v!19sChIJFSTERYCDXjkRWjdj-k29eJE?authuser=0&hl=en&rclk=1
Smart And Active Kids Preschool,072020 27200,business.site,"B1, 1, Sonal Cross Roads, Aehsan Park, Juhapura, Ahmedabad, Gujarat 380051",5,,https://www.google.com/maps/place/Smart+And+Active+Kids+Preschool/data=!4m7!3m6!1s0x395e9b3e798ab2f3:0x2ffe9792a2ffad7a!8m2!3d22.9908684!4d72.5194082!16s%2Fg%2F11h2d83ftq!19sChIJ87KKeT6bXjkReq3_opKX_i8?authuser=0&hl=en&rclk=1
Kangaroo Kids International Preschool - Bodakdev,063590 00096,kangarookids.in,"Shop No. 3 , Baleshwar Square , Next to KSera Sera MiniPlex Iscon Cross Road, Sarkhej - Gandhinagar Hwy, Ahmedabad, Gujarat 380015",4.8,,https://www.google.com/maps/place/Kangaroo+Kids+International+Preschool+-+Bodakdev/data=!4m7!3m6!1s0x395e9b962aa60e59:0xcb12bf4adc488e1b!8m2!3d23.0289636!4d72.5086741!16s%2Fg%2F11j5c96m5q!19sChIJWQ6mKpabXjkRG45I3Eq_Ess?authuser=0&hl=en&rclk=1
Vedant International Preschool Maninagar | Kids play school,088660 38234,vedantinternationalpreschool.org,"3, Chaturbhuj Colony Gordhanwadi Tekra, Chaturbhuj Colony, Kankaria, Maninagar, Ahmedabad, Gujarat 380028",4.7,,https://www.google.com/maps/place/Vedant+International+Preschool+Maninagar+%7C+Kids+play+school/data=!4m7!3m6!1s0x395e85c10c05b1d5:0xaba9eb799e68d75d!8m2!3d23.0013693!4d72.5956602!16s%2Fg%2F11bw73sj76!19sChIJ1bEFDMGFXjkRXddonnnrqas?authuser=0&hl=en&rclk=1
PlayShaala Preschool Ahmedabad,075671 06109,,"26, Sahjanand Villa 1, Gokuldham Society Rd, near Sakar School, Chandkheda, Ahmedabad, Gujarat 382424",4.9,,https://www.google.com/maps/place/PlayShaala+Preschool+Ahmedabad/data=!4m7!3m6!1s0x395e83798f169453:0x2043875305a8825c!8m2!3d23.1056674!4d72.5909729!16s%2Fg%2F11h6qcpf98!19sChIJU5QWj3mDXjkRXIKoBVOHQyA?authuser=0&hl=en&rclk=1
Vedant International Pre School & Day Care Center Bopal,076240 00389,vedantinternationalpreschool.org,"22 Marutinandan society, Sterling City, Bopal, Ahmedabad, Gujarat 380058",4.8,,https://www.google.com/maps/place/Vedant+International+Pre+School+%26+Day+Care+Center+Bopal/data=!4m7!3m6!1s0x395e9b9a933cba0d:0xc34b2cde15455b38!8m2!3d23.034333!4d72.4681005!16s%2Fg%2F11cjj03yxb!19sChIJDbo8k5qbXjkROFtFFd4sS8M?authuser=0&hl=en&rclk=1
Tinkerbell Preschool Usmanpura,093270 95636,facebook.com,"2/A, opposite Vishwakosh Bhavan, Bank Of India Staff Society, Shantinagar Society, Usmanpura, Ahmedabad, Gujarat 380013",4.9,,https://www.google.com/maps/place/Tinkerbell+Preschool+Usmanpura/data=!4m7!3m6!1s0x395e847d4c7a4d51:0xbe7750f1b3789ff0!8m2!3d23.0509918!4d72.5655506!16s%2Fg%2F1q6n2js65!19sChIJUU16TH2EXjkR8J94s_FQd74?authuser=0&hl=en&rclk=1
"Kidzee - Satellite , India's Favorite Pre-School And Moon Stars Daycare",073839 03980,business.site,"Falgun Tenaments, A12, Jodhpur Gam Rd, opp. Devanshi Appt, Satellite, Ahmedabad, Gujarat 380015",4.8,,"https://www.google.com/maps/place/Kidzee+-+Satellite+,+India's+Favorite+Pre-School+And+Moon+Stars+Daycare/data=!4m7!3m6!1s0x395e9b2cd6333d7f:0xea3e5752c6667b30!8m2!3d23.0193264!4d72.5239011!16s%2Fg%2F11dxdq7cft!19sChIJfz0z1iybXjkRMHtmxlJXPuo?authuser=0&hl=en&rclk=1"
T.I.M.E. Kids Preschool- VijayNagar,099981 81173,timekidspreschools.in,"30/352, Adarsh Nagar Rd, Opposite SBI Bank, Vijaynagar, Naranpura, Ahmedabad, Gujarat 380013",4.9,,https://www.google.com/maps/place/T.I.M.E.+Kids+Preschool-+VijayNagar/data=!4m7!3m6!1s0x395e83561b88e94d:0x28faa2d20e086168!8m2!3d23.0640191!4d72.5578908!16s%2Fg%2F11gxgd9n45!19sChIJTemIG1aDXjkRaGEIDtKi-ig?authuser=0&hl=en&rclk=1
Podar Jumbo kids,088668 90122,jumbokids.com,"10/A New Naimesh Park Society, Someshwar Park Rd, Thaltej, Ahmedabad, Gujarat 380054",4.8,,https://www.google.com/maps/place/Podar+Jumbo+kids/data=!4m7!3m6!1s0x395e83569a0d5495:0x4019deba2685a582!8m2!3d23.0611523!4d72.5270199!16s%2Fg%2F11c32bglyc!19sChIJlVQNmlaDXjkRgqWFJrreGUA?authuser=0&hl=en&rclk=1
"JoyJumperz Preschool, Daycare and Activity center - Science City",085111 00016,joyjumperz.in,"1st Floor, Hir Asha Arcade, Above HDFC Bank, Vrundavan Party Plot Road, Off, Science City Rd, Science City, Ahmedabad, Gujarat 380060",4.7,,"https://www.google.com/maps/place/JoyJumperz+Preschool,+Daycare+and+Activity+center+-+Science+City/data=!4m7!3m6!1s0x395e9d59677f916b:0x6ac36631ee9b65cf!8m2!3d23.0767753!4d72.5179468!16s%2Fg%2F11fhz5wg2j!19sChIJa5F_Z1mdXjkRz2Wb7jFmw2o?authuser=0&hl=en&rclk=1"
"WonderWorld Pre-School, Daycare & Activity Center",090999 77202,wonderworld.co.in,"8,9,10 Narayankrupa Bungalows, Bopal - Ghuma Rd, opp. Baleshwar Upvan, nr. BLOCK-D, Ahmedabad, Gujarat 380058",4.8,,"https://www.google.com/maps/place/WonderWorld+Pre-School,+Daycare+%26+Activity+Center/data=!4m7!3m6!1s0x395e9b96bab9d3c5:0x7b924daadc281cd4!8m2!3d23.0313963!4d72.4561426!16s%2Fg%2F1tx8rlny!19sChIJxdO5upabXjkR1Bwo3KpNkns?authuser=0&hl=en&rclk=1"
Satellite School For Children,,satelliteschool.in,"Jodhpur Village Rd, near IOC Petrol Pump, Suryapooja Block B, Satellite, Ahmedabad, Gujarat 380015",4.8,,https://www.google.com/maps/place/Satellite+School+For+Children/data=!4m7!3m6!1s0x395e85ea3dcd4041:0xbedae5e8d5ec73f!8m2!3d23.0278645!4d72.5261229!16s%2Fg%2F11gy0gcm2s!19sChIJQUDNPeqFXjkRP8dejV6u7Qs?authuser=0&hl=en&rclk=1
DV Montessori School,087070 16270,dvmontessorischool.org,"Railway Station, 05, Buddhisagar Society, Aabugiri Tenement, Nr, Chandkheda, Ahmedabad, Gujarat 382470",4.9,,https://www.google.com/maps/place/DV+Montessori+School/data=!4m7!3m6!1s0x395e83d37bf494cb:0x2259d279feea6d84!8m2!3d23.1108566!4d72.562739!16s%2Fg%2F11h64d_5c6!19sChIJy5T0e9ODXjkRhG3q_nnSWSI?authuser=0&hl=en&rclk=1
RANGOLI Pre School Science City Road,,rangolischool.co.in,"Aditya Bunglows, Opp. Asthamangal Mahadev Temple Sola, Science City Rd, Ahmedabad, Gujarat 380060",4.9,,https://www.google.com/maps/place/RANGOLI+Pre+School+Science+City+Road/data=!4m7!3m6!1s0x395e9cb409e6301b:0xdab2fb30998a8a3c!8m2!3d23.073463!4d72.51574!16s%2Fg%2F11c7s_97y1!19sChIJGzDmCbScXjkRPIqKmTD7sto?authuser=0&hl=en&rclk=1
Lampros Kids Naranpura,090818 19400,lamproskids.com,"Lampros, 3, Ankur Society, Part-1, Naranpura, Ahmedabad, Gujarat 380013",4.9,,https://www.google.com/maps/place/Lampros+Kids+Naranpura/data=!4m7!3m6!1s0x395e85cf62b0b11f:0x25088432645f7b21!8m2!3d23.0594666!4d72.5544828!16s%2Fg%2F11g0ftpcc3!19sChIJH7GwYs-FXjkRIXtfZDKECCU?authuser=0&hl=en&rclk=1
Khyati Ninos Preschool Bapunagar,073591 00888,khyatininos.com,"Nr Tapan Hospital Nr, X road, Bapunagar, Ahmedabad, Gujarat 380024",4.9,,https://www.google.com/maps/place/Khyati+Ninos+Preschool+Bapunagar/data=!4m7!3m6!1s0x395e869034d94567:0xe7b2255861aa8d2!8m2!3d23.035757!4d72.629749!16s%2Fg%2F1ptwwrz7w!19sChIJZ0XZNJCGXjkR0qgahlUiew4?authuser=0&hl=en&rclk=1
"Eurokids Pre school at Vejalpur , Best Kindergarten in Ahmedabad",090990 00834,eurokidsindia.com,"Omshiv Krupa Bunglows , Nr Shatinath Apartment, Nr, Bus Stand Rd, Vejalpur, Ahmedabad, Gujarat 380051",4.5,,"https://www.google.com/maps/place/Eurokids+Pre+school+at+Vejalpur+,+Best+Kindergarten+in+Ahmedabad/data=!4m7!3m6!1s0x395e9ad319976e53:0x379c9269ae6da465!8m2!3d23.0023515!4d72.5186664!16s%2Fg%2F11f546_9v7!19sChIJU26XGdOaXjkRZaRtrmmSnDc?authuser=0&hl=en&rclk=1"
"Little Millennium, Preschool in Maninagar , Playgroup School , Best Daycare in Maninagar",,,"Kamal Kunj Society, 1, Swaminarayan Temple Lane, Rambagh, Maninagar, Ahmedabad, Gujarat 380008",4.6,,"https://www.google.com/maps/place/Little+Millennium,+Preschool+in+Maninagar+,+Playgroup+School+,+Best+Daycare+in+Maninagar/data=!4m7!3m6!1s0x395e85d56b5ad1b7:0xf06fa6a60e2db597!8m2!3d22.999584!4d72.5988856!16s%2Fg%2F11ghq07qg1!19sChIJt9Faa9WFXjkRl7UtDqamb_A?authuser=0&hl=en&rclk=1"
EuroKids Pre-School,,business.site,"13, Tridev Bunglow Opp Empire Business Hub Aurum Sky Road, Science City Rd, Ahmedabad, Gujarat 380060",4.7,,https://www.google.com/maps/place/EuroKids+Pre-School/data=!4m7!3m6!1s0x395e9d4c6bcc25d3:0x6aaa1e6b9cfbc708!8m2!3d23.074631!4d72.5137373!16s%2Fg%2F11j2__yczr!19sChIJ0yXMa0ydXjkRCMf7nGseqmo?authuser=0&hl=en&rclk=1
Arhat Academy,079849 49880,,"Satyam Complex, No. 1, Swapnil Homes, Lane, Science City Rd, next to Lincoln Pharmaceuticals, Sola, Ahmedabad, Gujarat 380058",4.7,,https://www.google.com/maps/place/Arhat+Academy/data=!4m7!3m6!1s0x395e834d3c2f5195:0xe0964408e4480f64!8m2!3d23.0860389!4d72.4912584!16s%2Fg%2F119v0d9yz!19sChIJlVEvPE2DXjkRZA9I5AhEluA?authuser=0&hl=en&rclk=1
Kidzee Chandkheda IOC road,090999 14644,kidzee.com,"A/5, Gyaneshwar Park Society, Opposite Chandkheda Railway Station, Ahemdabad, Gujarat 382424",5,,https://www.google.com/maps/place/Kidzee+Chandkheda+IOC+road/data=!4m7!3m6!1s0x395e82fe2469b54d:0x112f65c7966cb08d!8m2!3d23.1081963!4d72.5638242!16s%2Fg%2F11cn94_8yf!19sChIJTbVpJP6CXjkRjbBslsdlLxE?authuser=0&hl=en&rclk=1
"EuroKids Preschool at Nr. Orchid Plaza,Thaltej Hebatpur Road Best Kindergarten in Ahmedabad",,,"25, Ravish Bungalows,, Nr. Govardhan Party Plot, Nr. Orchid Plaza,Thaltej Hebatpur Road, Thaltej, Ahmedabad, Gujarat 380059",4.9,,"https://www.google.com/maps/place/EuroKids+Preschool+at+Nr.+Orchid+Plaza,Thaltej+Hebatpur+Road+Best+Kindergarten+in+Ahmedabad/data=!4m7!3m6!1s0x395e9cb1d6441583:0xefbdafd2d1637418!8m2!3d23.0525107!4d72.5078445!16s%2Fg%2F119vj9gzn!19sChIJgxVE1rGcXjkRGHRj0dKvve8?authuser=0&hl=en&rclk=1"
Tapovan Pre-School,094284 20776,tapovansanskarpith.org,"Dungarshi Nagar, Near, Anjali Cross Rd, opp. Sheth Hospital, Paldi, Ahmedabad",4.5,,https://www.google.com/maps/place/Tapovan+Pre-School/data=!4m7!3m6!1s0x395e8518e96ce7cf:0x305b8bf2ca409014!8m2!3d23.0023153!4d72.5549551!16s%2Fg%2F11c6lbpyvy!19sChIJz-ds6RiFXjkRFJBAyvKLWzA?authuser=0&hl=en&rclk=1
Tinkerbell Preschool Naranpura,099131 89959,fb.com,"First Step Tinkerbell Preschool Amar Apartment Opposite Mangalmurti Flats, 132 Feet Ring Rd, Naranpura, Ahmedabad, Gujarat 380063",5,,https://www.google.com/maps/place/Tinkerbell+Preschool+Naranpura/data=!4m7!3m6!1s0x395e849e289ea987:0xca3b4ad1372caadc!8m2!3d23.059585!4d72.5478964!16s%2Fg%2F11c442p086!19sChIJh6meKJ6EXjkR3KosN9FKO8o?authuser=0&hl=en&rclk=1
Tinker Tots Preschool & Daycare,077789 56595,tinkertots.in,"First Floor, #106, Ganesh Glory, Godrej Garden City Road Gota, Jagatpur, Ahmedabad, Gujarat 382470",5,,https://www.google.com/maps/place/Tinker+Tots+Preschool+%26+Daycare/data=!4m7!3m6!1s0x395e83f388aab23d:0x61e15badb0f13f01!8m2!3d23.1141325!4d72.5413286!16s%2Fg%2F11n_yhr6y6!19sChIJPbKqiPODXjkRAT_xsK1b4WE?authuser=0&hl=en&rclk=1
Pink & Blue Kids Preschool in Nikol,097370 87770,pinkandbluekids.in,"18, Soham Bunglows Rd, opp. D Mart, New India Colony, Nikol, Ahmedabad, Gujarat 380038",4.9,,https://www.google.com/maps/place/Pink+%26+Blue+Kids+Preschool+in+Nikol/data=!4m7!3m6!1s0x395e871df5dd7eb5:0x9d7b6809ff6cb706!8m2!3d23.0542501!4d72.67059!16s%2Fg%2F11c50z4d5y!19sChIJtX7d9R2HXjkRBrds_wloe50?authuser=0&hl=en&rclk=1
H3 Pre-School Bodakdev (Mentored by Anand Niketan Group of Schools),098598 54477,h3preschool.com,"17, Pahelgaon Bungalows, Judges Bunglow Rd, Ahmedabad, Gujarat 380015",4.9,,https://www.google.com/maps/place/H3+Pre-School+Bodakdev+(Mentored+by+Anand+Niketan+Group+of+Schools)/data=!4m7!3m6!1s0x395e9bcb7248aebd:0x335c49cc753507a!8m2!3d23.0351437!4d72.5193755!16s%2Fg%2F11swznzdx8!19sChIJva5IcsubXjkRelBTx5zENQM?authuser=0&hl=en&rclk=1
Kids Killol Preschool Shahibaug,,,"D-1, Girdhar Nagar, Ahmedabad, Gujarat 380004",4.9,,https://www.google.com/maps/place/Kids+Killol+Preschool+Shahibaug/data=!4m7!3m6!1s0x395e859303e9b0a9:0x91d3f1a3623a49d7!8m2!3d23.0504796!4d72.5963747!16s%2Fg%2F11gwmf1ryf!19sChIJqbDpA5OFXjkR10k6YqPx05E?authuser=0&hl=en&rclk=1
Happy Fest Preschool,077789 60897,happyfestpreschool.com,"16, Rameshwar row house Opp Mocha cafe, Ramdevnagar, cross rd, Bodakdev, Ahmedabad, Gujarat 380015",5,,https://www.google.com/maps/place/Happy+Fest+Preschool/data=!4m7!3m6!1s0x395e9b5ef47b49cd:0xee2bbfb9981627a9!8m2!3d23.0321718!4d72.511756!16s%2Fg%2F11szcw_65g!19sChIJzUl79F6bXjkRqScWmLm_K-4?authuser=0&hl=en&rclk=1
Angel City Pre School,095746 45522,,"Plot No.4, Gf, Shital Society Nr Zahra Residensi, Danilimda, Ahmedabad, Gujarat 380028",4.8,,https://www.google.com/maps/place/Angel+City+Pre+School/data=!4m7!3m6!1s0x395e85da8dedfdfd:0x4fd7896c4f19fce2!8m2!3d22.9962406!4d72.5817855!16s%2Fg%2F11h0mnvpcs!19sChIJ_f3tjdqFXjkR4vwZT2yJ108?authuser=0&hl=en&rclk=1
JoyJumperz Preschool - Paldi,,,"Natraj Bungalow Bansidhar Society, Opp. Hare Ram Flats Elite Residency, behind Sheth Hospital, Jawahar Nagar, Vasna, Ahmedabad, Gujarat 380007",4.8,,https://www.google.com/maps/place/JoyJumperz+Preschool+-+Paldi/data=!4m7!3m6!1s0x395e85bfeba82671:0x781dbabf4d20d639!8m2!3d23.0015462!4d72.5534315!16s%2Fg%2F11h3ldvqjn!19sChIJcSao67-FXjkROdYgTb-6HXg?authuser=0&hl=en&rclk=1
Shanti Juniors Navrangpura,090990 44728,shantijuniors.com,"Ground Floor, Diwaliba Flats, Besides Navkar Institute, Navrang Cir, Navrangpura, Ahmedabad, Gujarat 380009",4.5,,https://www.google.com/maps/place/Shanti+Juniors+Navrangpura/data=!4m7!3m6!1s0x395e8491b5561e1d:0x4f6fd8b1c067e717!8m2!3d23.0469934!4d72.5575806!16s%2Fg%2F11c5qzw53x!19sChIJHR5WtZGEXjkRF-dnwLHYb08?authuser=0&hl=en&rclk=1
Likha Pre-School,,likhaschool.com,"84/85 Giriver Society Ramwadi, Isanpur, Ahmedabad, Gujarat 382443",4.9,,https://www.google.com/maps/place/Likha+Pre-School/data=!4m7!3m6!1s0x395e85a525a69c9f:0xdd1e47901e07e918!8m2!3d22.9799946!4d72.6058539!16s%2Fg%2F11h11k2mf0!19sChIJn5ymJaWFXjkRGOkHHpBHHt0?authuser=0&hl=en&rclk=1
Shanti Juniors Science City,089801 27000,shantijuniors.com,"14. Vishwas Residency, Science City Rd, behind Shukan Palace Part 1, Ahmedabad, Gujarat 380059",5,,https://www.google.com/maps/place/Shanti+Juniors+Science+City/data=!4m7!3m6!1s0x395e9db17f224a2f:0x8f3660e9aaffa2de!8m2!3d23.0741615!4d72.50668!16s%2Fg%2F11lgksfjv6!19sChIJL0oif7GdXjkR3qL_qulgNo8?authuser=0&hl=en&rclk=1
"Little Millennium - Best Preschool in Vastral, Ahmedabad",,littlemillennium.com,"B-104, near Madhav International School, Madhav Park 2, Pranami Nagar, Vastral, Ahmedabad, Gujarat 382418",5,,"https://www.google.com/maps/place/Little+Millennium+-+Best+Preschool+in+Vastral,+Ahmedabad/data=!4m7!3m6!1s0x395e87caac33b751:0x93cbbc673c74dd1b!8m2!3d23.000981!4d72.662971!16s%2Fg%2F11c5zftq9q!19sChIJUbczrMqHXjkRG910PGe8y5M?authuser=0&hl=en&rclk=1"
Genius Generation Pre School,090991 50333,,"Aastha Opal, Opp. Panchal Vadi Everest Elegance Lane, Akhbar Nagar, Ahmedabad, Gujarat 380013",5,,https://www.google.com/maps/place/Genius+Generation+Pre+School/data=!4m7!3m6!1s0x395e83b2f1baf171:0x1736aa7b14c280e4!8m2!3d23.0733788!4d72.5628341!16s%2Fg%2F11h6m6f_p1!19sChIJcfG68bKDXjkR5IDCFHuqNhc?authuser=0&hl=en&rclk=1
"Swastik School - Top CBSE Kindergarten, Play School, Nursery, Jr KG, Sr KG, Primary, Secondary, Senior Secondary, Montessori Pre School School in Vadaj Ahmedabad",,,"Post office, SWASTIK SCHOOL, opp. Nava Vadaj, Nava Vadaj, Ahmedabad, Gujarat 380013",4.8,,"https://www.google.com/maps/place/Swastik+School+-+Top+CBSE+Kindergarten,+Play+School,+Nursery,+Jr+KG,+Sr+KG,+Primary,+Secondary,+Senior+Secondary,+Montessori+Pre+School+School+in+Vadaj+Ahmedabad/data=!4m7!3m6!1s0x395e8301a8521903:0x1d1cd8098a56fe7c!8m2!3d23.0650193!4d72.5685715!16s%2Fg%2F11lks25fns!19sChIJAxlSqAGDXjkRfP5WignYHB0?authuser=0&hl=en&rclk=1"
Tinkerbell Preschool Ranip,093270 95636,fb.com,"Tinkerbell Preschool, Near, Ramji Mandir Rd, Vijay Nagar, Ranip, Ahmedabad, Gujarat 382480",5,,https://www.google.com/maps/place/Tinkerbell+Preschool+Ranip/data=!4m7!3m6!1s0x395e839caed9ca21:0x7b75c921483a9bc5!8m2!3d23.0745485!4d72.5738087!16s%2Fg%2F11c2qt3b9h!19sChIJIcrZrpyDXjkRxZs6SCHJdXs?authuser=0&hl=en&rclk=1
"WonderWorld Pre-school, Day Care & Activity Center",090999 77206,wonderworld.co.in,"34 Shyamal Rowhouse, 100 Feet Rd, opp. Dhananjay Tower, Ahmedabad, Gujarat 380015",3.8,,"https://www.google.com/maps/place/WonderWorld+Pre-school,+Day+Care+%26+Activity+Center/data=!4m7!3m6!1s0x395e84d792c98f29:0x2ba3e5bc01f730fc!8m2!3d23.0138773!4d72.5263272!16s%2Fg%2F11dxbdxdrn!19sChIJKY_JkteEXjkR_DD3Abzloys?authuser=0&hl=en&rclk=1"
Tree House Pre School,099748 25097,business.site,"FF-28 Malabar County-2, B/H Nirma University, Ahmedabad, Gujarat 382470",4.8,,https://www.google.com/maps/place/Tree+House+Pre+School/data=!4m7!3m6!1s0x395e83a4ca115867:0x13c9246f029ef857!8m2!3d23.1284546!4d72.5485891!16s%2Fg%2F11h0vv91gc!19sChIJZ1gRyqSDXjkRV_ieAm8kyRM?authuser=0&hl=en&rclk=1
DHINGLIGHAR KID'S HOUSE,098256 12553,dhinglighar.com,"37, Nathalal Colony, Naranpura, Ahmedabad, Gujarat 380014",4.7,,https://www.google.com/maps/place/DHINGLIGHAR+KID'S+HOUSE/data=!4m7!3m6!1s0x395e84f53fffffff:0x3636a5901700dc9d!8m2!3d23.0469094!4d72.560848!16s%2Fg%2F1thvr2g8!19sChIJ____P_WEXjkRndwAF5ClNjY?authuser=0&hl=en&rclk=1
Rosemary Kindergarten,081604 22401,business.site,"66, SHANTI SADAN ESTATE OPP DINBHAI TOWER, Lal Darwaja, Ahmedabad, Gujarat 380001",5,,https://www.google.com/maps/place/Rosemary+Kindergarten/data=!4m7!3m6!1s0x395e850c0ccfe817:0xb9c63247d29c38fa!8m2!3d23.0287691!4d72.582522!16s%2Fg%2F11h0zbcp4v!19sChIJF-jPDAyFXjkR-jic0kcyxrk?authuser=0&hl=en&rclk=1
Shanti Juniors Bodakdev & Moon Stars Daycare,098796 71555,shantijuniors.com,"9, Rajpath Row House, Sarkhej - Gandhinagar Hwy, opp. AIS School, Bodakdev, Ahmedabad, Gujarat 380054",4.5,,https://www.google.com/maps/place/Shanti+Juniors+Bodakdev+%26+Moon+Stars+Daycare/data=!4m7!3m6!1s0x395e9b484b928605:0x8604eba26ac6d0f6!8m2!3d23.0343994!4d72.5114565!16s%2Fg%2F1tjkd602!19sChIJBYaSS0ibXjkR9tDGaqLrBIY?authuser=0&hl=en&rclk=1
"No 1 Preschool, Pre Primary, Kids Best School in Ahmedabad and Nursery & Kindergarten School Bopal",,,"Sterling City, Bopal, Ahmedabad, Gujarat 380058",4.6,,"https://www.google.com/maps/place/No+1+Preschool,+Pre+Primary,+Kids+Best+School+in+Ahmedabad+and+Nursery+%26+Kindergarten+School+Bopal/data=!4m7!3m6!1s0x395e9b99ebd1d119:0x4e8bcf617e413cf1!8m2!3d23.0395151!4d72.4648701!16s%2Fg%2F11b7jtn8jf!19sChIJGdHR65mbXjkR8TxBfmHPi04?authuser=0&hl=en&rclk=1"
"EuroKids Preschool in Motera, Ahmedabad",085115 09301,eurokidsindia.com,"4, Nirmit Royal Bungalows Opp. Uma Party Plot Nr. Maruti Suzuki Showroom, Motera, Ahmedabad, Gujarat 380005",4.7,,"https://www.google.com/maps/place/EuroKids+Preschool+in+Motera,+Ahmedabad/data=!4m7!3m6!1s0x395e832fb2938e7b:0xaff34bff5a275223!8m2!3d23.1097912!4d72.6070689!16s%2Fg%2F11g0gb9lxl!19sChIJe46Tsi-DXjkRI1InWv9L868?authuser=0&hl=en&rclk=1"
H3 Preschool Paldi Narayannagar,,h3preschool.com,"51/A, Narayan Nagar Rd, near Roop beauty parlour, Narayan Nagar Society, Naranpura, Paldi, Ahmedabad, Gujarat 380007",4.8,,https://www.google.com/maps/place/H3+Preschool+Paldi+Narayannagar/data=!4m7!3m6!1s0x395e85499318f04b:0xc33bb046012f219f!8m2!3d22.9981215!4d72.5547493!16s%2Fg%2F11g1n9zwyl!19sChIJS_AYk0mFXjkRnyEvAUawO8M?authuser=0&hl=en&rclk=1
Kalorex Pre School,063524 47767,kprs.co.in,"Kalorex Pre School, opp. Parikh Hall, near Parimal hospital, Maninagar, Ahmedabad, Gujarat 380008",5,,https://www.google.com/maps/place/Kalorex+Pre+School/data=!4m7!3m6!1s0x395e85dc8f616acb:0x99e732db79617596!8m2!3d22.9995548!4d72.6098665!16s%2Fg%2F12q4vgb3g!19sChIJy2phj9yFXjkRlnVhedsy55k?authuser=0&hl=en&rclk=1
Khyati Ninos (Memnagar),090992 14000,khyatininos.com,"19, Shantam, Ajanta Park, Opp. st. xavier's Loyala School, Nr. Fire Station, Memnagar, Memnagar, Ahmedabad, Gujarat 380054",4.6,,https://www.google.com/maps/place/Khyati+Ninos+(Memnagar)/data=!4m7!3m6!1s0x395e849775ea2919:0xd2c7ce041e9a6ae0!8m2!3d23.04709!4d72.547185!16s%2Fg%2F11cjnpr41f!19sChIJGSnqdZeEXjkR4GqaHgTOx9I?authuser=0&hl=en&rclk=1
Solaris Kids Pre school and Day Care,,,"1, Divine Bungalows, Behind JBR Arcade, Science City Rd, Ahmedabad, Gujarat 380060",4.9,,https://www.google.com/maps/place/Solaris+Kids+Pre+school+and+Day+Care/data=!4m7!3m6!1s0x395e9cb72d063255:0x47e308784cae8111!8m2!3d23.0730941!4d72.5107301!16s%2Fg%2F11fy11v4l8!19sChIJVTIGLbecXjkREYGuTHgI40c?authuser=0&hl=en&rclk=1
Little Genius Preschool and Kindergarten,,littlegeniuspreschools.com,"GF, FF Ratnakar Halcyon, Next To Aangan Party Plot Jodhpur, Satellite, Ahmedabad, Gujarat 380015",5,,https://www.google.com/maps/place/Little+Genius+Preschool+and+Kindergarten/data=!4m7!3m6!1s0x395e9b2bd7239d13:0xbb391e2e3b501e94!8m2!3d23.01833!4d72.5162582!16s%2Fg%2F11g8vcq72j!19sChIJE50j1yubXjkRlB5QOy4eObs?authuser=0&hl=en&rclk=1
"Bachpan A Play School, Maninagar",,bachpanglobal.com,"2, Goodluck Society, opposite Indian Bank, Daxini Society, Maninagar, Ahmedabad, Gujarat 380008",5,,"https://www.google.com/maps/place/Bachpan+A+Play+School,+Maninagar/data=!4m7!3m6!1s0x395e85e61dbe3a3d:0xd0a35cecd09faec9!8m2!3d22.9915837!4d72.6125846!16s%2Fg%2F11gdknl8wv!19sChIJPTq-HeaFXjkRya6f0Oxco9A?authuser=0&hl=en&rclk=1"
Kalorex Pre School Ranip,097149 53738,business.site,"B-28, Ambicakrupa Society, O.N.G.C Nagar, Ranip, Ahmedabad, Gujarat 382480",4.8,,https://www.google.com/maps/place/Kalorex+Pre+School+Ranip/data=!4m7!3m6!1s0x395e8374dd1f34d7:0x8fff8d0751e8a0f9!8m2!3d23.0834597!4d72.5643482!16s%2Fg%2F11byyp0_93!19sChIJ1zQf3XSDXjkR-aDoUQeN_48?authuser=0&hl=en&rclk=1
Kidzee Ghatlodia,099258 70543,kidzee.com,"Nirnam Twin Bunglows, 35, Prasang Party Plot Rd, Shayona City, Chanakyapuri, Ahmedabad, Gujarat 380061",4.6,,https://www.google.com/maps/place/Kidzee+Ghatlodia/data=!4m7!3m6!1s0x395e8340b189a855:0x87ae486be6d4c729!8m2!3d23.080975!4d72.5386052!16s%2Fg%2F11b6ggkmjz!19sChIJVaiJsUCDXjkRKcfU5mtIroc?authuser=0&hl=en&rclk=1
EuroKids Pre-School,088492 42446,business.site,"Mahalaxmi Tenament, 50, beside Sujata Flats, opp. Rachna School, Shahibag, Ahmedabad, Gujarat 380004",5,,https://www.google.com/maps/place/EuroKids+Pre-School/data=!4m7!3m6!1s0x395e8575e1796a9b:0x2e8062e215ae6f2e!8m2!3d23.0523078!4d72.5971131!16s%2Fg%2F11smw4cxsw!19sChIJm2p54XWFXjkRLm-uFeJigC4?authuser=0&hl=en&rclk=1
Crescent Pre-primary School Thaltej,098240 74499,crescenteducation.co,"45,Triveni park society, Near. Surdhara circle., Thaltej, Ahmedabad, Gujarat 380054",4.5,,https://www.google.com/maps/place/Crescent+Pre-primary+School+Thaltej/data=!4m7!3m6!1s0x395e84abbbace1cd:0x7e178d4c54288e0f!8m2!3d23.053428!4d72.524259!16s%2Fg%2F1tfr_ggj!19sChIJzeGsu6uEXjkRD44oVEyNF34?authuser=0&hl=en&rclk=1
JoyJumperz Preschool - Naranpura,097250 60698,joyjumperz.in,"3/14, Santosh Park, near Nutan Nagarik Bank, Vijaynagar, Naranpura, Ahmedabad, Gujarat 380013",4.9,,https://www.google.com/maps/place/JoyJumperz+Preschool+-+Naranpura/data=!4m7!3m6!1s0x395e838c68cd5747:0xc816b13bb162d556!8m2!3d23.0625217!4d72.5574734!16s%2Fg%2F11j91hkz90!19sChIJR1fNaIyDXjkRVtVisTuxFsg?authuser=0&hl=en&rclk=1
The Oak Tree Preschool,074900 20799,,"68/B, 'Gayatri sadan',Opp Sahkaar Flats-2, Jagabhai Park, Rambagh, Maninagar, Ahmedabad, Gujarat 380028",4.8,,https://www.google.com/maps/place/The+Oak+Tree+Preschool/data=!4m7!3m6!1s0x395e85c26ffffff9:0x941e6019bf8c828f!8m2!3d23.0001226!4d72.6016462!16s%2Fg%2F11f2wczht2!19sChIJ-f__b8KFXjkRj4KMvxlgHpQ?authuser=0&hl=en&rclk=1
Shanti Juniors New Vastral- The most preferred Pre School of Vastral,,shantijuniors.com,"House No. 1, The Saral Sapphire Opp. Madhav Raj Bunglows, B/h. Vastral Police choki New, Vastral, Ahmedabad, Gujarat 382418",5,,https://www.google.com/maps/place/Shanti+Juniors+New+Vastral-+The+most+preferred+Pre+School+of+Vastral/data=!4m7!3m6!1s0x395e87bda27852c9:0xa7b4b70f84f7e529!8m2!3d23.0001702!4d72.6711918!16s%2Fg%2F11fqxrm53t!19sChIJyVJ4or2HXjkRKeX3hA-3tKc?authuser=0&hl=en&rclk=1
"Sanfort Sola Road- Nursery School, Kindergarten, Play School, Preschool Franchise in Delhi, India",,sanfortschools.com,"B- 44 Sarvoday nagar Part 1, Sola Rd, opposite Kalupur Bank, Ghatlodiya, Ahmedabad, Gujarat 380061",4.4,,"https://www.google.com/maps/place/Sanfort+Sola+Road-+Nursery+School,+Kindergarten,+Play+School,+Preschool+Franchise+in+Delhi,+India/data=!4m7!3m6!1s0x395e8359bd93a5d3:0x47d8b73aa2c5a996!8m2!3d23.0625502!4d72.5343021!16s%2Fg%2F11c6lv83rb!19sChIJ06WTvVmDXjkRlqnFojq32Ec?authuser=0&hl=en&rclk=1"
EuroKids Preschool in Gota Chandlodia,095374 11993,eurokidsindia.com,"Near Shayona Tilak-I, Jagatpur Road, New SG Rd, Gota, Ahmedabad, Gujarat 382481",4.7,,https://www.google.com/maps/place/EuroKids+Preschool+in+Gota+Chandlodia/data=!4m7!3m6!1s0x395e834040000001:0x3b05f5a2b575c856!8m2!3d23.0992092!4d72.5482993!16s%2Fg%2F119x2p75b!19sChIJAQAAQECDXjkRVsh1taL1BTs?authuser=0&hl=en&rclk=1
EuroKids Preschool Jodhpur Cross | Best Preschool In Jodhpur Cross,076004 10006,eurokidsindia.com,"A19, A20 Vishvakarma Society 1, Jodhpur Cross Rd, Ahmedabad, Gujarat 380015",5,,https://www.google.com/maps/place/EuroKids+Preschool+Jodhpur+Cross+%7C+Best+Preschool+In+Jodhpur+Cross/data=!4m7!3m6!1s0x395e8504f342b555:0x8a9bdc68419c8aed!8m2!3d23.0276917!4d72.5266965!16s%2Fg%2F11llbkcp97!19sChIJVbVC8wSFXjkR7YqcQWjcm4o?authuser=0&hl=en&rclk=1
Shanti's Hopskotch Preschool,,sei.edu.in,"13 Rajpath Society,B/H RAJPATH CLUB, AUDA Garden Lane, Off SG Highway, Highway Park Society, Ram Nagar, Bodakdev, Ahmedabad, Gujarat 380054",4.9,,https://www.google.com/maps/place/Shanti's+Hopskotch+Preschool/data=!4m7!3m6!1s0x395e9b478e36ef75:0x37eb4c700ccf983f!8m2!3d23.032712!4d72.506615!16s%2Fg%2F11bxflt73r!19sChIJde82jkebXjkRP5jPDHBM6zc?authuser=0&hl=en&rclk=1
H3 Preschool South Bopal,090237 24801,h3preschool.com,"6, Shivam bungalow, Near SOBO center, South Bopal, Ahmedabad, Gujarat 380058",5,,https://www.google.com/maps/place/H3+Preschool+South+Bopal/data=!4m7!3m6!1s0x395e9b2aad1c6151:0x8727673a44ba2952!8m2!3d23.0160861!4d72.4777784!16s%2Fg%2F11j1b_9202!19sChIJUWEcrSqbXjkRUim6RDpnJ4c?authuser=0&hl=en&rclk=1
Vedant International Preschool - Best Kids Play School in Jivraj Park,088660 38234,vedantinternationalpreschool.org,"5, Hariharanand Society, Malav Talav Rd, near Rajwadu, Jivraj Park, Ahmedabad, Gujarat 380051",5,,https://www.google.com/maps/place/Vedant+International+Preschool+-+Best+Kids+Play+School+in+Jivraj+Park/data=!4m7!3m6!1s0x395e850062a5a9ad:0x8c4e25cd042108bf!8m2!3d22.9991621!4d72.5381754!16s%2Fg%2F11h88blc29!19sChIJramlYgCFXjkRvwghBM0lTow?authuser=0&hl=en&rclk=1
KIDS WAY Preschool in Maninagar | Daycare in Maninagar | Activity classes for kids,097221 62762,,"1, JAIHIND SOCIETY, GOPAL CHOWK, Maninagar, Ahmedabad, Gujarat 380008",5,,https://www.google.com/maps/place/KIDS+WAY+Preschool+in+Maninagar+%7C+Daycare+in+Maninagar+%7C+Activity+classes+for+kids/data=!4m7!3m6!1s0x395e85cfca3ce9c3:0xaa227765d08d4fe4!8m2!3d22.9973381!4d72.6001737!16s%2Fg%2F11s0tyl_xy!19sChIJw-k8ys-FXjkR5E-N0GV3Iqo?authuser=0&hl=en&rclk=1
"Kids Carnival Preschool - Top Playgroup, Nursery, Jr.KG, Sr.KG School in Sabarmati",,,"25, Satyanarayan Society, Nr Water Tank, Ramnagar, Sabarmati, Ahmedabad, Gujarat 380005",4.6,,"https://www.google.com/maps/place/Kids+Carnival+Preschool+-+Top+Playgroup,+Nursery,+Jr.KG,+Sr.KG+School+in+Sabarmati/data=!4m7!3m6!1s0x395e83957615079f:0x259a794187ba3b28!8m2!3d23.0864484!4d72.5885559!16s%2Fg%2F11c5fzmpmd!19sChIJnwcVdpWDXjkRKDu6h0F5miU?authuser=0&hl=en&rclk=1"
The Milestone Pre-school,075673 05087,themilestonepreschool.com,"2,matrukrupabunglow,opp.sabarflat,chandranagar,paldi, Dr Ambedkar Bridge, Narayan Nagar Society, Paldi, Ahmedabad, Gujarat 380007",4.3,,https://www.google.com/maps/place/The+Milestone+Pre-school/data=!4m7!3m6!1s0x395e850e90f7789b:0x8b419e3d64dff041!8m2!3d22.9986933!4d72.5598673!16s%2Fg%2F11clv5hzdc!19sChIJm3j3kA6FXjkRQfDfZD2eQYs?authuser=0&hl=en&rclk=1
Rising Kids,079 2929 3368,risingkids.net,"C-22, Jagruti Society, Nr. Gopi Flat, Behind Pratik Tenament India Colony, Bapunagar, Ahmedabad, Gujarat 382350",4.8,,https://www.google.com/maps/place/Rising+Kids/data=!4m7!3m6!1s0x395e869415555551:0x488628c53f2f2f16!8m2!3d23.042242!4d72.6336054!16s%2Fg%2F11clmhpwqs!19sChIJUVVVFZSGXjkRFi8vP8Uohkg?authuser=0&hl=en&rclk=1
Toy Blocks,,toyblocks.org,"Aryavrat IV Road In lane, Sarkhej - Gandhinagar Hwy, opposite YMCA Club, Makarba, Ahmedabad, Gujarat 380058",4.9,,https://www.google.com/maps/place/Toy+Blocks/data=!4m7!3m6!1s0x395e832f450cca5f:0x735db6c4fe322f27!8m2!3d23.0030672!4d72.4952575!16s%2Fg%2F11j0s_jy84!19sChIJX8oMRS-DXjkRJy8y_sS2XXM?authuser=0&hl=en&rclk=1
Pink & Blue kids,,pinkandbluekids.in,"Sarthak Tower, 27-32, Ronak Society, Opp, Ramdevnagar Cross Road, Satellite, Ahmedabad, Gujarat 380015",4.9,,https://www.google.com/maps/place/Pink+%26+Blue+kids/data=!4m7!3m6!1s0x395e9b2dfc1e5c3d:0x61e671e679b53b36!8m2!3d23.026244!4d72.51202!16s%2Fg%2F11ghn6cmgm!19sChIJPVwe_C2bXjkRNju1eeZx5mE?authuser=0&hl=en&rclk=1
H3 Preschool Paldi(JainNagar),090237 24805,h3schools.com,"10, Bhagat baug, Society, New Sharda Mandir Rd, Paldi, Ahmedabad, Gujarat 380007",4.8,,https://www.google.com/maps/place/H3+Preschool+Paldi(JainNagar)/data=!4m7!3m6!1s0x395e854453b5210b:0x64839d849093c537!8m2!3d23.0132287!4d72.5511574!16s%2Fg%2F11j7fzbtw9!19sChIJCyG1U0SFXjkRN8WTkISdg2Q?authuser=0&hl=en&rclk=1
MIGHTY KIDZZ (PRE SCHOOL),090990 00096,,"2 GROUND FLOOR VARUN SOCIETY OPP JULLIE APPARTMENT 2 GIRDHARNAGAR, Shahibag, Ahmedabad, Gujarat 380004",5,,https://www.google.com/maps/place/MIGHTY+KIDZZ+(PRE+SCHOOL)/data=!4m7!3m6!1s0x395e85a8e2e653e5:0x7c8fa77eed95699e!8m2!3d23.058097!4d72.588569!16s%2Fg%2F11rvbmvwjk!19sChIJ5VPm4qiFXjkRnmmV7X6nj3w?authuser=0&hl=en&rclk=1
H3 Preschool Maninagar ( Mentored by Anand niketan Group of school),093289 32009,h3preschool.com,"Shree Bhawan, 16B Khadayta Society, nr. Punit Ashram Road, Maninagar, Ahmedabad, Gujarat 380008",4.9,,https://www.google.com/maps/place/H3+Preschool+Maninagar+(+Mentored+by+Anand+niketan+Group+of+school)/data=!4m7!3m6!1s0x395e85de9787333d:0x7add65be799fe9ad!8m2!3d23.0032973!4d72.6062341!16s%2Fg%2F11rv94bp99!19sChIJPTOHl96FXjkRremfeb5l3Xo?authuser=0&hl=en&rclk=1
JoyJumperz Preschool - Bodakdev,,joyjumperz.in,"16,Pahelgaon Bunglows, Opp. Aakash Tower Keshav Park Road, Bodakdev, Ahmedabad, Gujarat 380015",5,,https://www.google.com/maps/place/JoyJumperz+Preschool+-+Bodakdev/data=!4m7!3m6!1s0x395e9b82f074dfcd:0x685c1eee7efd269e!8m2!3d23.0349645!4d72.5193448!16s%2Fg%2F11fkpz55q3!19sChIJzd908IKbXjkRnib9fu4eXGg?authuser=0&hl=en&rclk=1
Little Genius Preschool,098980 98816,littlegeniuspreschools.com,"4/A shabari kutir bungalows. Behind Ahmedabad one mall, Vastrapur sarkari vasahat road. Vastrapur, Ahmedabad, Gujarat 380015",5,,https://www.google.com/maps/place/Little+Genius+Preschool/data=!4m7!3m6!1s0x395e84ba09e2b009:0xe17556a11b0c69f1!8m2!3d23.041827!4d72.532317!16s%2Fg%2F11fx8rmdbm!19sChIJCbDiCbqEXjkR8WkMG6FWdeE?authuser=0&hl=en&rclk=1
SUPERWINGS PRESCHOOL,,,"53, Aditya Residency, Next to Thaltej Fire Station, behind Turbun Restaurant, Thaltej, Ahmedabad, Gujarat 380059",5,,https://www.google.com/maps/place/SUPERWINGS+PRESCHOOL/data=!4m7!3m6!1s0x395e9df43f15a8a5:0xe267d01d99226f27!8m2!3d23.0539245!4d72.4959907!16s%2Fg%2F11ffl_806g!19sChIJpagVP_SdXjkRJ28imR3QZ-I?authuser=0&hl=en&rclk=1
Bambino Nursery,,,"205, Ellis bridge Shopping Center, opposite Town Hall, Ahmedabad, Gujarat 380006",4.7,,https://www.google.com/maps/place/Bambino+Nursery/data=!4m7!3m6!1s0x395e857edce54103:0x622f7bc7cdd94eee!8m2!3d23.0229027!4d72.5719672!16s%2Fg%2F11j8l616mx!19sChIJA0Hl3H6FXjkR7k7Zzcd7L2I?authuser=0&hl=en&rclk=1
"V Create Preschool, an open school concept.",,business.site,"ITI, 8, Qaeed park society nr aabeda masjid 85 TP New, Fatehwadi, B/d, Sarkhej, Ahmedabad, Gujarat 380055",5,,"https://www.google.com/maps/place/V+Create+Preschool,+an+open+school+concept./data=!4m7!3m6!1s0x395e9b050e158935:0xf8ccdf65f83ce352!8m2!3d22.9730198!4d72.5055941!16s%2Fg%2F11fcsf5_91!19sChIJNYkVDgWbXjkRUuM8-GXfzPg?authuser=0&hl=en&rclk=1"
"Kangaroo Kids International Preschool Ahmedabad, Indira Bridge",,,"Nr. St. Xavier's School, Indira Bridge Cir, Ahmedabad, Gujarat 382475",5,,"https://www.google.com/maps/place/Kangaroo+Kids+International+Preschool+Ahmedabad,+Indira+Bridge/data=!4m7!3m6!1s0x395e81bb44380797:0x687ae150d8ff1b55!8m2!3d23.0852134!4d72.6320363!16s%2Fg%2F11h3br8f8j!19sChIJlwc4RLuBXjkRVRv_2FDhemg?authuser=0&hl=en&rclk=1"
T.I.M.E. Kids Preschool Vastrapur,040 4008 8300,timekidspreschools.in,"Jain Temple, E-2, Gangotri Appartments Near Konark Karishma, Vastrapur, Ahmedabad, Gujarat 380015",5,,https://www.google.com/maps/place/T.I.M.E.+Kids+Preschool+Vastrapur/data=!4m7!3m6!1s0x395e858932df92bf:0xd1993bb0d0d927c6!8m2!3d23.035903!4d72.5254428!16s%2Fg%2F11fnshm0hv!19sChIJv5LfMomFXjkRxifZ0LA7mdE?authuser=0&hl=en&rclk=1
Babes N Tots Preschool Vejalpur,098980 90020,,"Opposite Shrinanadnagar part -1, Makarba road,Vejalpur, gate of shrinandnagar part-1, Ahmedabad, Gujarat 380051",4.3,,https://www.google.com/maps/place/Babes+N+Tots+Preschool+Vejalpur/data=!4m7!3m6!1s0x395e9ad1c6d8a07f:0xce125fc72fdabc31!8m2!3d23.0018279!4d72.5165137!16s%2Fg%2F11c6vr1z_t!19sChIJf6DYxtGaXjkRMbzaL8dfEs4?authuser=0&hl=en&rclk=1
"EuroKids Preschool at Sardarnagar, Best Kindergarten in Ahmedabad",098986 01601,eurokidsindia.com,"1829, Near Sardarnagar Community Hall, Main Rd, Sardarnagar, Ahmedabad, Gujarat 382475",4.8,,"https://www.google.com/maps/place/EuroKids+Preschool+at+Sardarnagar,+Best+Kindergarten+in+Ahmedabad/data=!4m7!3m6!1s0x395e848ac8a7faf3:0xa123047f1ada99ad!8m2!3d23.0813037!4d72.6252149!16s%2Fg%2F119vmyzgt!19sChIJ8_qnyIqEXjkRrZnaGn8EI6E?authuser=0&hl=en&rclk=1"
SIS Prep - Singapore International Preparatory School,090333 50000,sisprep.net,"16 Inquilab society, Opp. Atlanta Tower,, Gulbai Tekra Road, Ahmedabad, Gujarat 380009",4.5,,https://www.google.com/maps/place/SIS+Prep+-+Singapore+International+Preparatory+School/data=!4m7!3m6!1s0x395e84ef800523ad:0xf5aa0deab02b917e!8m2!3d23.0259067!4d72.5530538!16s%2Fg%2F1pp2wxt6h!19sChIJrSMFgO-EXjkRfpErsOoNqvU?authuser=0&hl=en&rclk=1
Shanti Juniors Ghuma,075750 01541,shantijuniors.com,"Narayan Krupa Complex, 3, Bopal - Ghuma Rd, Ghuma, Ahmedabad, Gujarat 380058",4.5,,https://www.google.com/maps/place/Shanti+Juniors+Ghuma/data=!4m7!3m6!1s0x395e9b926d1c666f:0x75af3cabff21eaf7!8m2!3d23.0314346!4d72.4565492!16s%2Fg%2F11cnd9__hj!19sChIJb2YcbZKbXjkR9-oh_6s8r3U?authuser=0&hl=en&rclk=1
Orange The Beginners,,orangethebeginners.com,"M-10/74, Swatantra Senani Nagar Near Pragati Nagar Community Hall, Naranpura, Pragatinagar, Naranpura, Ahmedabad, Gujarat 380013",4.7,,https://www.google.com/maps/place/Orange+The+Beginners/data=!4m7!3m6!1s0x395e837b93d491dd:0xc8e1ddd01f18039f!8m2!3d23.0678815!4d72.5600602!16s%2Fg%2F11j007sw3t!19sChIJ3ZHUk3uDXjkRnwMYH9Dd4cg?authuser=0&hl=en&rclk=1
JoyJumperz Preschool - Gurukul,099980 17373,joyjumperz.in,"1,Nilmani Tenaments Opp. Aamrakunj flats, Off, Gurukul Rd, near Sterling Hospital, Memnagar, Ahmedabad, Gujarat 380051",5,,https://www.google.com/maps/place/JoyJumperz+Preschool+-+Gurukul/data=!4m7!3m6!1s0x395e858e7f17142b:0x32da678627292c92!8m2!3d23.0506724!4d72.5320423!16s%2Fg%2F11llj_qsnm!19sChIJKxQXf46FXjkRkiwpJ4Zn2jI?authuser=0&hl=en&rclk=1
"EuroKids Preschool at Juhapura, Best Kindergarten in Ahmedabad",098980 94078,eurokidsindia.com,"Crescent School, Behind Amber tower, Sarkhej road, Juhapura, Ahmedabad, Gujarat 380055",4.8,,"https://www.google.com/maps/place/EuroKids+Preschool+at+Juhapura,+Best+Kindergarten+in+Ahmedabad/data=!4m7!3m6!1s0x395e853a19ebb225:0x50febb65aca08697!8m2!3d22.9902811!4d72.5126078!16s%2Fg%2F119vq_0jj!19sChIJJbLrGTqFXjkRl4agrGW7_lA?authuser=0&hl=en&rclk=1"
Little Star - Play Group & Nursery,098257 45147,,"Littlestar Child Care Centre, B/s Jinmangal Appartment, near Gautanbag Soc, opp. Suvidha Shopping Center, Paldi, Ahmedabad, Gujarat 380007",5,,https://www.google.com/maps/place/Little+Star+-+Play+Group+%26+Nursery/data=!4m7!3m6!1s0x395e850205356add:0x791d9f82fcc709bc!8m2!3d23.014474!4d72.55914!16s%2Fg%2F12hkn_0qx!19sChIJ3Wo1BQKFXjkRvAnH_IKfHXk?authuser=0&hl=en&rclk=1
Sanjeevani Foundation Pre Schools,090999 50357,,"2/Ground floor, Bootwala apartment, Near Raikhad gate, Ellisbridge, Ahmedabad, Gujarat 380001",4.6,,https://www.google.com/maps/place/Sanjeevani+Foundation+Pre+Schools/data=!4m7!3m6!1s0x395e84528fe5a897:0xe6e424605ae8e09!8m2!3d23.019279!4d72.5789742!16s%2Fg%2F11gdkkl8px!19sChIJl6jlj1KEXjkRCY6uBUZCbg4?authuser=0&hl=en&rclk=1
Vedant International Preschool - Best pre school in Shilaj,070162 03091,vedantinternationalpreschool.org,"170, Nilkanth Villa, near DPS School, Shilaj, Gujarat 380058",5,,https://www.google.com/maps/place/Vedant+International+Preschool+-+Best+pre+school+in+Shilaj/data=!4m7!3m6!1s0x395e9b799a7ab881:0x3add95048a31adfb!8m2!3d23.0435267!4d72.4666366!16s%2Fg%2F11mtjw6jhm!19sChIJgbh6mnmbXjkR-60xigSV3To?authuser=0&hl=en&rclk=1
HAPPY CHILD MONTESSORI PRE SCHOOL & DAY CARE,093130 39120,business.site,"1, Ashoka Bunglows, opp. Dahyalal Park, near Swastik School, Motera, Ahmedabad, Gujarat 382424",5,,https://www.google.com/maps/place/HAPPY+CHILD+MONTESSORI+PRE+SCHOOL+%26+DAY+CARE/data=!4m7!3m6!1s0x395e83e58172fb4d:0xb40c169c53561187!8m2!3d23.1045416!4d72.6007186!16s%2Fg%2F11rvdczgrc!19sChIJTftygeWDXjkRhxFWU5wWDLQ?authuser=0&hl=en&rclk=1
Swastik Junior-Bopal,,,"Abadnagar Rd, Bopal, Ahmedabad, Gujarat 380058",4.9,,https://www.google.com/maps/place/Swastik+Junior-Bopal/data=!4m7!3m6!1s0x395e9b0ada9a7c41:0xaa62fb401141c8ed!8m2!3d23.0278555!4d72.4754456!16s%2Fg%2F11c1g614bp!19sChIJQXya2gqbXjkR7chBEUD7Yqo?authuser=0&hl=en&rclk=1
The Ahmedabad Montessori School,079 2687 3913,ahmedabadmontessorischool.com,"1st floor polyclinic center, Judges bungalow road, opp. chief justice bungalow, Bodakdev, Ahmedabad, Gujarat 380054",4.9,,https://www.google.com/maps/place/The+Ahmedabad+Montessori+School/data=!4m7!3m6!1s0x395e9b4a5587fe37:0xa7fb8e20b6858f68!8m2!3d23.036014!4d72.517524!16s%2Fg%2F12q4tz1p2!19sChIJN_6HVUqbXjkRaI-FtiCO-6c?authuser=0&hl=en&rclk=1
World Kids Play School,090330 44111,worldkidspreschool.com,"Radhika Bunglow, Shahibaug, opposite Rajasthan hospital, Ahmedabad, Gujarat 380004",3.7,,https://www.google.com/maps/place/World+Kids+Play+School/data=!4m7!3m6!1s0x395e840dfb727387:0x720904f1a4288fb3!8m2!3d23.054448!4d72.59693!16s%2Fg%2F11c5xlrmw7!19sChIJh3Ny-w2EXjkRs48opPEECXI?authuser=0&hl=en&rclk=1
Junior Genius,098255 00779,junior-genius.business.site,"Bus Stand, Karmachari Nagar I, C-77, opposite Rannapark, Ghatlodiya, Ahmedabad, Gujarat 380061",4.1,,https://www.google.com/maps/place/Junior+Genius/data=!4m7!3m6!1s0x395e835cbdebbb7d:0x9b52701f0f22c23e!8m2!3d23.0654613!4d72.5447493!16s%2Fg%2F1tl1lvr2!19sChIJfbvrvVyDXjkRPsIiDx9wUps?authuser=0&hl=en&rclk=1
T.I.M.E. Kids Preschool- Usmanpura,099244 58884,timekidspreschools.in,"53/A4 Sindh Academic High School Compound, Besides Bank of India Society Dena Bank ane, Usmanpura, Ahmedabad, Gujarat 380013",4.7,,https://www.google.com/maps/place/T.I.M.E.+Kids+Preschool-+Usmanpura/data=!4m7!3m6!1s0x395e848634f5086d:0x62c390ff4a171a8d!8m2!3d23.0516242!4d72.5647404!16s%2Fg%2F11c6sq2y6y!19sChIJbQj1NIaEXjkRjRoXSv-Qw2I?authuser=0&hl=en&rclk=1
"EuroKids Preschool at New Ranip, Best Kindergarten in Ahmedabad",098240 33321,eurokidsindia.com,"135, First Floor, S V Square GST bridge, road, New Ranip, Ahmedabad, Gujarat 382470",4.3,,"https://www.google.com/maps/place/EuroKids+Preschool+at+New+Ranip,+Best+Kindergarten+in+Ahmedabad/data=!4m7!3m6!1s0x395e83e32de16adf:0x7a03a4d97e36d12e!8m2!3d23.0896455!4d72.5644429!16s%2Fg%2F11fl9gq43k!19sChIJ32rhLeODXjkRLtE2ftmkA3o?authuser=0&hl=en&rclk=1"
Shanti Juniors Vijay Nagar Naranpura,098250 26013,shantijuniors.com,"Ground, 9/A, Harishchandra Park Society, Beside Prerna School, Opp Rupal park, Vijaynagar Rd, Naranpura, Ahmedabad, Gujarat 380013",4.5,,https://www.google.com/maps/place/Shanti+Juniors+Vijay+Nagar+Naranpura/data=!4m7!3m6!1s0x395e849d69e8c363:0x7a13051e2f71a9e7!8m2!3d23.0610579!4d72.5563367!16s%2Fg%2F1ptyytlrw!19sChIJY8PoaZ2EXjkR56lxLx4FE3o?authuser=0&hl=en&rclk=1
H3 Preschool Shubhash Bridge,093289 32001,h3preschool.com,"Siddhi Complex, Subhash Bridge, RTO Cir, opp. Gokul Guesthouse, Sabarmati, Ahmedabad, Gujarat 380005",5,,https://www.google.com/maps/place/H3+Preschool+Shubhash+Bridge/data=!4m7!3m6!1s0x395e833391230e5f:0x9a11023126cac652!8m2!3d23.0677355!4d72.5840919!16s%2Fg%2F11spzl1kd7!19sChIJXw4jkTODXjkRUsbKJjECEZo?authuser=0&hl=en&rclk=1
Khyati Ninos (South Bopal),095741 82200,khyatininos.com,"A-47, Spring Meadows Bungalows, Gala Gymkhana Road, South Bopal, Ahmedabad, Gujarat 380058",4.6,,https://www.google.com/maps/place/Khyati+Ninos+(South+Bopal)/data=!4m7!3m6!1s0x395e9b0832e183ef:0xcccb81e06b15e804!8m2!3d23.0197257!4d72.47413!16s%2Fg%2F11c1v0gw_v!19sChIJ74PhMgibXjkRBOgVa-CBy8w?authuser=0&hl=en&rclk=1
Step - Up Kidz Play School,096013 71373,,"Block No.140/1096, G.H.B., Kalapi Nagar, Ahmedabad, Gujarat 380016",4.9,,https://www.google.com/maps/place/Step+-+Up+Kidz+Play+School/data=!4m7!3m6!1s0x395e86a71e6aa045:0x5f0f355495658900!8m2!3d23.0521697!4d72.6178914!16s%2Fg%2F1ptw0t6qc!19sChIJRaBqHqeGXjkRAIlllVQ1D18?authuser=0&hl=en&rclk=1
